Workbook

Sheet 대시보드 요약
A1: HebronGuide 파일럿 6주 KPI 대시보드 — 요약
A2: 파일럿 기간: 6주 | 작성일: 2026-06-13 | 담당: HebronGuide 운영팀
A4: 📌 핵심 KPI 목표 요약
A5: 카테고리 | B5: KPI 항목 | C5: 목표값 | D5: 현재 누적 실적 | E5: 목표 달성률 (%)
A6: 파트너 모집 | B6: 교회 파트너 (곳) | C6: ='파트너 모집'!B3 | D6: ='파트너 모집'!H3 | E6: ='파트너 모집'!I3
A7: 파트너 모집 | B7: 사업체 파트너 (곳) | C7: ='파트너 모집'!B4 | D7: ='파트너 모집'!H4 | E7: ='파트너 모집'!I4
A8: 호스트 가정 | B8: 신원 검증 승인 (가구) | C8: ='호스트 가정'!B4 | D8: ='호스트 가정'!H4 | E8: ='호스트 가정'!I4
A9: 방문자·매칭 | B9: 매칭 성사 건수 (건) | C9: ='방문자·매칭'!B5 | D9: ='방문자·매칭'!H5 | E9: ='방문자·매칭'!I5
A10: 만족도 | B10: 방문자 만족도 평균 (점) | C10: ='만족도'!B3 | D10: ='만족도'!H3 | E10: ='만족도'!I3
A11: 콘텐츠·SNS | B11: 참여율 engagement rate (%) | C11: ='콘텐츠·SNS'!B6 | D11: ='콘텐츠·SNS'!H6 | E11: ='콘텐츠·SNS'!I6
A13: 📊 목표 대비 실적 현황 (4개 카테고리 막대그래프)
A14: 카테고리 | B14: 목표 | C14: 현재 실적
A15: 교회 파트너 (곳) | B15: ='파트너 모집'!B3 | C15: ='파트너 모집'!H3
A16: 사업체 파트너 (곳) | B16: ='파트너 모집'!B4 | C16: ='파트너 모집'!H4
A17: 호스트 가정 승인 (가구) | B17: ='호스트 가정'!B4 | C17: ='호스트 가정'!H4
A18: 매칭 성사 (건) | B18: ='방문자·매칭'!B5 | C18: ='방문자·매칭'!H5
A32: 🟢 달성률 100% 이상 🟡 달성률 70~99% 🔴 달성률 70% 미만

Sheet Sheet

Sheet 파트너 모집
A1: HebronGuide 파일럿 6주 KPI 대시보드 — 파트너 모집
A2: KPI 항목 | B2: 목표값 | C2: 1주차 | D2: 2주차 | E2: 3주차 | F2: 4주차 | G2: 5주차 | H2: 6주차 | I2: 6주 누적합계 | J2: 목표 달성률 (%)
A3: 파트너 모집 KPI
A4: 교회 파트너 (곳) | H4: =SUM(C4:G4) | I4: =IF(B4=0,"",IFERROR(H4/B4,""))
A5: 사업체 파트너 (곳) | H5: =SUM(C5:G5) | I5: =IF(B5=0,"",IFERROR(H5/B5,""))
A6: 합의서 서명률 (%) | H6: =SUM(C6:G6) | I6: =IF(B6=0,"",IFERROR(H6/B6,""))

Sheet 호스트 가정
A1: HebronGuide 파일럿 6주 KPI 대시보드 — 호스트 가정
A2: KPI 항목 | B2: 목표값 | C2: 1주차 | D2: 2주차 | E2: 3주차 | F2: 4주차 | G2: 5주차 | H2: 6주차 | I2: 6주 누적합계 | J2: 목표 달성률 (%)
A3: 호스트 가정 KPI
A4: 신원 검증 신청 건수 (건) | H4: =SUM(C4:G4)
A5: 신원 검증 승인 건수 (건, 누적 목표 50) | H5: =SUM(C5:G5) | I5: =IF(B5=0,"",IFERROR(H5/B5,""))
A6: 승인률 (%, 목표 80% 이상) | H6: =SUM(C6:G6) | I6: =IF(B6=0,"",IFERROR(H6/B6,""))
A7: 온보딩 교육 참석률 (%, 목표 90% 이상) | H7: =SUM(C7:G7) | I7: =IF(B7=0,"",IFERROR(H7/B7,""))

Sheet 방문자·매칭
A1: HebronGuide 파일럿 6주 KPI 대시보드 — 방문자·매칭
A2: KPI 항목 | B2: 목표값 | C2: 1주차 | D2: 2주차 | E2: 3주차 | F2: 4주차 | G2: 5주차 | H2: 6주차 | I2: 6주 누적합계 | J2: 목표 달성률 (%)
A3: 방문자·매칭 KPI
A4: 방문자 가입 건수 (건, 누적) | H4: =SUM(C4:G4)
A5: 매칭 신청 건수 (건, 누적) | H5: =SUM(C5:G5)
A6: 매칭 성사 건수 (건, 누적 목표 30) | H6: =SUM(C6:G6) | I6: =IF(B6=0,"",IFERROR(H6/B6,""))
A7: 매칭 성사율 (%, 목표 75% 이상) | H7: =SUM(C7:G7) | I7: =IF(B7=0,"",IFERROR(H7/B7,""))
A8: 평균 체류 기간 (일) | H8: =SUM(C8:G8)
A9: 취소율 (%, 목표 10% 이하) | H9: =SUM(C9:G9) | I9: =IF(B9=0,"",IFERROR(H9/B9,""))

Sheet 만족도
A1: HebronGuide 파일럿 6주 KPI 대시보드 — 만족도
A2: KPI 항목 | B2: 목표값 | C2: 1주차 | D2: 2주차 | E2: 3주차 | F2: 4주차 | G2: 5주차 | H2: 6주차 | I2: 6주 누적합계 | J2: 목표 달성률 (%)
A3: 만족도 KPI (4주차·6주차 피드백)
A4: 방문자 만족도 평균 (5점 만점, 목표 4.0 이상) | H4: =SUM(C4:G4) | I4: =IF(B4=0,"",IFERROR(H4/B4,""))
A5: 호스트 만족도 평균 (5점 만점, 목표 4.0 이상) | H5: =SUM(C5:G5) | I5: =IF(B5=0,"",IFERROR(H5/B5,""))
A6: 파트너 교회 만족도 (5점 만점, 목표 4.0 이상) | H6: =SUM(C6:G6) | I6: =IF(B6=0,"",IFERROR(H6/B6,""))
A7: 파트너 사업체 만족도 (5점 만점, 목표 4.0 이상) | H7: =SUM(C7:G7) | I7: =IF(B7=0,"",IFERROR(H7/B7,""))
A8: 재참여 의향률 (%, 목표 70% 이상) | H8: =SUM(C8:G8) | I8: =IF(B8=0,"",IFERROR(H8/B8,""))

Sheet 안전·운영
A1: HebronGuide 파일럿 6주 KPI 대시보드 — 안전·운영
A2: KPI 항목 | B2: 목표값 | C2: 1주차 | D2: 2주차 | E2: 3주차 | F2: 4주차 | G2: 5주차 | H2: 6주차 | I2: 6주 누적합계 | J2: 목표 달성률 (%)
A3: 안전·운영 KPI
A4: 신고 건수 (건, 주차별) | H4: =SUM(C4:G4)
A5: 신고 해결률 (%, 목표 100%) | H5: =SUM(C5:G5) | I5: =IF(B5=0,"",IFERROR(H5/B5,""))
A6: 평균 신고 대응 시간 (시간, 목표 24시간 내) | H6: =SUM(C6:G6) | I6: =IF(B6=0,"",IFERROR(H6/B6,""))
A7: 분쟁 건수 (건) | H7: =SUM(C7:G7)
A8: 환불 건수 (건) | H8: =SUM(C8:G8)

Sheet 콘텐츠·SNS
A1: HebronGuide 파일럿 6주 KPI 대시보드 — 콘텐츠·SNS
A2: KPI 항목 | B2: 목표값 | C2: 1주차 | D2: 2주차 | E2: 3주차 | F2: 4주차 | G2: 5주차 | H2: 6주차 | I2: 6주 누적합계 | J2: 목표 달성률 (%)
A3: 콘텐츠·SNS KPI
A4: 주차별 게시물 수 (건, 목표 주 2~3건) | H4: =SUM(C4:G4) | I4: =IF(B4=0,"",IFERROR(H4/B4,""))
A5: 누적 팔로워 수 (명) | H5: =SUM(C5:G5)
A6: 평균 도달 (reach) 수 (건) | H6: =SUM(C6:G6)
A7: 참여율 engagement rate (%, 목표 3% 이상) | H7: =SUM(C7:G7) | I7: =IF(B7=0,"",IFERROR(H7/B7,""))
